{
  "89617811422": {
    "cookies": [
      {
        "comment": null,
        "comment_url": null,
        "discard": false,
        "domain": ".login.vk.com",
        "domain_initial_dot": false,
        "domain_specified": true,
        "expires": null,
        "name": "h",
        "path": "/",
        "path_specified": true,
        "port": null,
        "port_specified": false,
        "rest": {
          "HttpOnly": null
        },
        "rfc2109": false,
        "secure": false,
        "value": "1",
        "version": 0
      },
      {
        "comment": null,
        "comment_url": null,
        "discard": false,
        "domain": ".login.vk.com",
        "domain_initial_dot": false,
        "domain_specified": true,
        "expires": null,
        "name": "l",
        "path": "/",
        "path_specified": true,
        "port": null,
        "port_specified": false,
        "rest": {
          "HttpOnly": null
        },
        "rfc2109": false,
        "secure": true,
        "value": "152436956",
        "version": 0
      },
      {
        "comment": null,
        "comment_url": null,
        "discard": false,
        "domain": ".login.vk.com",
        "domain_initial_dot": false,
        "domain_specified": true,
        "expires": null,
        "name": "p",
        "path": "/",
        "path_specified": true,
        "port": null,
        "port_specified": false,
        "rest": {
          "HttpOnly": null
        },
        "rfc2109": false,
        "secure": true,
        "value": "a9502201790f8f2814f82fbc06b57de7ae735a6037e776adb80fe928623bb",
        "version": 0
      },
      {
        "comment": null,
        "comment_url": null,
        "discard": false,
        "domain": ".login.vk.com",
        "domain_initial_dot": false,
        "domain_specified": true,
        "expires": null,
        "name": "s",
        "path": "/",
        "path_specified": true,
        "port": null,
        "port_specified": false,
        "rest": {
          "HttpOnly": null
        },
        "rfc2109": false,
        "secure": true,
        "value": "1",
        "version": 0
      },
      {
        "comment": null,
        "comment_url": null,
        "discard": false,
        "domain": ".vk.com",
        "domain_initial_dot": true,
        "domain_specified": true,
        "expires": null,
        "name": "remixlang",
        "path": "/",
        "path_specified": true,
        "port": null,
        "port_specified": false,
        "rest": {},
        "rfc2109": false,
        "secure": false,
        "value": "0",
        "version": 0
      },
      {
        "comment": null,
        "comment_url": null,
        "discard": false,
        "domain": ".vk.com",
        "domain_initial_dot": true,
        "domain_specified": true,
        "expires": null,
        "name": "remixsid",
        "path": "/",
        "path_specified": true,
        "port": null,
        "port_specified": false,
        "rest": {
          "HttpOnly": null
        },
        "rfc2109": false,
        "secure": true,
        "value": "c088abb2986aaed5f22a07f9560e06afed1119ab12d2b06269bde1911e373",
        "version": 0
      },
      {
        "comment": null,
        "comment_url": null,
        "discard": false,
        "domain": ".vk.com",
        "domain_initial_dot": true,
        "domain_specified": true,
        "expires": null,
        "name": "remixstid",
        "path": "/",
        "path_specified": true,
        "port": null,
        "port_specified": false,
        "rest": {},
        "rfc2109": false,
        "secure": false,
        "value": "825687132_c90e0d498f2ab89b52",
        "version": 0
      },
      {
        "comment": null,
        "comment_url": null,
        "discard": false,
        "domain": ".vk.com",
        "domain_initial_dot": true,
        "domain_specified": true,
        "expires": null,
        "name": "remixusid",
        "path": "/",
        "path_specified": true,
        "port": null,
        "port_specified": false,
        "rest": {
          "HttpOnly": null
        },
        "rfc2109": false,
        "secure": true,
        "value": "NGIyNmMxM2U4OTI0ZTdmNzM3ZmMwMmRl",
        "version": 0
      }
    ],
    "token": {
      "app6222115": {
        "scope_140492255": {
          "access_token": "c0ece89b308ac5856d3a621d69038fbcf511e76f842e73f26ec99dbf0125b8e6d062aae4feea223307ac7",
          "email": "makarclass@mail.ru",
          "expires_in": "0",
          "user_id": "152436956"
        }
      }
    }
  }
}